{
  "type": 1,
  "header": {
    "type": 1,
    "type_path": "/Game/FactoryGame/Resource/Environment/Crystal/BP_Crystal_mk2.BP_Crystal_mk2_C",
    "root_object": "3QLBQWN4PESBMR4RL8KB0593H",
    "instance_name": "Persistent_Level:PersistentLevel.BP_Crystal_mk29",
    "unknown": 2621448,
    "rotation": {
      "x": 0.0033180920872837305,
      "y": -0.016126392409205437,
      "z": 0.7908981442451477,
      "w": 0.6117262840270996
    },
    "position": {
      "x": -55705.3828125,
      "y": 250303.546875,
      "z": -1964.357177734375
    },
    "scale": {
      "x": 1.399999976158142,
      "y": 1.399999976158142,
      "z": 1.399999976158142
    },
    "need_transform": false,
    "was_placed_in_level": true
  },
  "save_version": 52,
  "flag": 0,
  "parent_object_reference": {
    "level_name": "",
    "path_name": ""
  },
  "components": [],
  "properties": {
    "items": {}
  },
  "trailing": ""
}
