{
  "type": 1,
  "header": {
    "type": 1,
    "type_path": "/Game/FactoryGame/Resource/Environment/Crystal/BP_Crystal_mk3.BP_Crystal_mk3_C",
    "root_object": "9ZI97U85BHEMNEFSBAN8Q97HH",
    "instance_name": "Persistent_Level:PersistentLevel.BP_Crystal_mk33_2",
    "unknown": 2621448,
    "rotation": {
      "x": 0.04673625901341438,
      "y": 0.008975405246019363,
      "z": -0.9394849538803101,
      "w": 0.33926862478256226
    },
    "position": {
      "x": -19009.1015625,
      "y": 272696.15625,
      "z": 10535.1015625
    },
    "scale": {
      "x": 1.399999976158142,
      "y": 1.399999976158142,
      "z": 1.399999976158142
    },
    "need_transform": false,
    "was_placed_in_level": true
  },
  "save_version": 52,
  "flag": 0,
  "parent_object_reference": {
    "level_name": "",
    "path_name": ""
  },
  "components": [],
  "properties": {
    "items": {}
  },
  "trailing": ""
}
