{
  "type": 1,
  "header": {
    "type": 1,
    "type_path": "/Game/FactoryGame/Resource/Environment/Crystal/BP_Crystal.BP_Crystal_C",
    "root_object": "8BHCAS3EUAOCF6NRUVIK1T4BL",
    "instance_name": "Persistent_Level:PersistentLevel.BP_Crystal12_12",
    "unknown": 2621448,
    "rotation": {
      "x": -0.031399842351675034,
      "y": -0.11078336834907532,
      "z": 0.9857810139656067,
      "w": 0.12238017469644547
    },
    "position": {
      "x": -39479.77734375,
      "y": 276042.21875,
      "z": -2510.846923828125
    },
    "scale": {
      "x": 1.399999976158142,
      "y": 1.399999976158142,
      "z": 1.399999976158142
    },
    "need_transform": false,
    "was_placed_in_level": true
  },
  "save_version": 52,
  "flag": 0,
  "parent_object_reference": {
    "level_name": "",
    "path_name": ""
  },
  "components": [],
  "properties": {
    "items": {}
  },
  "trailing": ""
}
