{
  "type": 1,
  "header": {
    "type": 1,
    "type_path": "/Game/FactoryGame/Prototype/WAT/BP_MercerShrine.BP_MercerShrine_C",
    "root_object": "8BHCAS3EUAOCF6NRUVIK1T4BL",
    "instance_name": "Persistent_Level:PersistentLevel.BP_MercerShrine_C_UAID_40B076DF2F79FEB001_1622301722",
    "unknown": 2621448,
    "rotation": {
      "x": -0.1014920100569725,
      "y": 0.08217736333608627,
      "z": 0.16556935012340546,
      "w": 0.9775137305259705
    },
    "position": {
      "x": -49136.01171875,
      "y": 267511.21875,
      "z": -3224.52001953125
    },
    "scale": {
      "x": 0.8999999761581421,
      "y": 0.8999999761581421,
      "z": 0.8999999761581421
    },
    "need_transform": false,
    "was_placed_in_level": true
  },
  "save_version": 52,
  "flag": 0,
  "parent_object_reference": {
    "level_name": "",
    "path_name": ""
  },
  "components": [],
  "properties": {
    "items": {}
  },
  "trailing": ""
}
