{
  "type": 1,
  "header": {
    "type": 1,
    "type_path": "/Game/FactoryGame/Prototype/WAT/BP_WAT2.BP_WAT2_C",
    "root_object": "8BHCAS3EUAOCF6NRUVIK1T4BL",
    "instance_name": "Persistent_Level:PersistentLevel.BP_WAT27_7",
    "unknown": 2621448,
    "rotation": {
      "x": -0.1014920100569725,
      "y": 0.08217736333608627,
      "z": 0.16556935012340546,
      "w": 0.9775137305259705
    },
    "position": {
      "x": -49121.26171875,
      "y": 267537.40625,
      "z": -3112.3798828125
    },
    "scale": {
      "x": 2.700000047683716,
      "y": 2.6999998092651367,
      "z": 2.6999998092651367
    },
    "need_transform": false,
    "was_placed_in_level": true
  },
  "save_version": 52,
  "flag": 0,
  "parent_object_reference": {
    "level_name": "",
    "path_name": ""
  },
  "components": [],
  "properties": {
    "items": {}
  },
  "trailing": ""
}
